{
    "partitions": [
        {
            "type": "PARTITION", 
            "id": 1, 
            "servers": [
                18, 
                19
            ]
        }, 
        {
            "type": "PARTITION", 
            "id": 2, 
            "servers": [
                20, 
                21
            ]
        }, 
        {
            "type": "PARTITION", 
            "id": 3, 
            "servers": [
                22, 
                23
            ]
        }, 
        {
            "type": "PARTITION", 
            "id": 4, 
            "servers": [
                24, 
                25
            ]
        }, 
        {
            "type": "ORACLE", 
            "id": 5, 
            "servers": [
                26, 
                27
            ]
        }
    ]
}